USE ProjectDB

INSERT INTO Stadiums
VALUES
(1, 'Stadion im. Józefa Piłsudskiego', 'Kraków', 'ul. Kałuży 1', 14941),
(2, 'Stadion Górnika Łęczna', 'Łęczna', 'al. Jana Pawła II 13', 7496),
(3, 'Stadion im. Ernesta Pola', 'Zabrze', 'ul. Roosevelta 21', 5500),
(4, 'Stadion Miejski', 'Białystok', 'ul. Słoneczna 1', 22386),
(5, 'Kolporter Arena', 'Kielce', 'ul. Ściegiennego 8', 15500),
(6, 'INEA Stadion', 'Poznań', 'ul. Bułgarska 17', 41609),
(7, 'PGE Arena', 'Gdańsk', 'ul. Pokoleń Lechii Gdańsk 1', 41620),
(8, 'Stadion Miejski im. Józefa Piłsudskiego', 'Warszawa', 'ul. Łazienkowska 3', 31103),
(9, 'Stadion Miejski', 'Gliwice', 'ul. Okrzei 20', 10037),
(10, 'Stadion Miejski', 'Bielsko-Biała', 'ul. Rychlińskiego 21', 6692),
(11, 'Stadion im. Floriana Krygiera', 'Szczecin', 'el. Karłowicza 28', 17048),
(12, 'Stadion Miejski', 'Chorzów', 'ul. Cicha 6', 10000),
(13, 'Stadion Miejski', 'Wrocław', 'ul. Śląska 1', 42771),
(14, 'Stadion Bruk-Bet', 'Nieciecza', 'Nieciecza 150', 5200),
(15, 'Stadion Miejski im. Henryka Reymana', 'Kraków', 'ul. Reymonta 20', 33130),
(16, 'Stadion Zagłębia Lubin', 'Lubin', 'ul. Marii Skłodowskiej-Curie 98', 16068);

INSERT INTO Teams
VALUES
(1, 'Cracovia Kraków', 1),
(2, 'Górnik Łęczna', 2),
(3, 'Górnik Zabrze', 3),
(4, 'Jagiellonia Białystok', 4),
(5, 'Korona Kielce', 5),
(6, 'Lech Poznan', 6),
(7, 'Lechia Gdańsk', 7),
(8, 'Legia Warszawa', 8),
(9, 'Piast Gliwice', 9),
(10, 'Podbeskidzie Bielsko-Biała', 10),
(11, 'Pogoń Szczecin', 11),
(12, 'Ruch Chorzów', 12),
(13, 'Śląsk Wrocław', 13),
(14, 'Termalica Bruk-Bet Nieciecza', 14),
(15, 'Wisła Kraków', 15),
(16, 'Zagłębie Lubin', 16);

INSERT INTO Coaches
VALUES
(1, 'Jacek', 'Zieliński'),
(2, 'Jurij', 'Szałatow'),
(3, 'Robert', 'Warzycha'),
(4, 'Michał', 'Probierz'),
(5, 'Marcin', 'Brosz'),
(6, 'Maciej', 'Skorża'),
(7, 'Jerzy', 'Brzęczek'),
(8, 'Henning', 'Berg'),
(9, 'Radosław', 'Latal'),
(10, 'Dariusz', 'Kubicki'),
(11, 'Czesław', 'Michniewicz'),
(12, 'Waldemar', 'Fornalik'),
(13, 'Tadeusz', 'Pawłowski'),
(14, 'Piotr', 'Mandrysz'),
(15, 'Kazimierz', 'Moskal'),
(16, 'Piotr', 'Stokowiec');

INSERT INTO Referees
VALUES
(1, 'Marcin', 'Borski'),
(2, 'Bartosz', 'Frankowski'),
(3, 'Paweł', 'Gil'),
(4, 'Krzysztof', 'Jakubik'),
(5, 'Tomasz', 'Kwiatkowski'),
(6, 'Szymon', 'Marciniak'),
(7, 'Tomasz', 'Musiał'),
(8, 'Jarosław', 'Przybył'),
(9, 'Paweł', 'Raczkowski'),
(10, 'Daniel', 'Stefański'),
(11, 'Mariusz', 'Złotek');

INSERT INTO Players
VALUES
(1001, 'Krzysztof', 'Pilarz', 'POL', '1980-11-09', 'GK', 1),
(1002, 'Grzegorz', 'Sandomierski', 'POL', '1989-09-05', 'GK', 1),
(1003, 'Paweł', 'Jaroszyński', 'POL', '1994-10-02', 'DEF', 1),
(1004, 'Piotr', 'Polczak', 'POL', '1986-08-25', 'DEF', 1),
(1005, 'Bartosz', 'Rymaniak', 'POL', '1989-11-13', 'DEF', 1),
(1006, 'Sreten', 'Sretenović', 'SRB', '1985-01-12', 'DEF', 1),
(1007, 'Ariel', 'Wawszczyk', 'POL', '1991-11-19', 'DEF', 1),
(1008, 'Mateusz', 'Argasiński', 'POL', '1995-08-01', 'MID', 1),
(1009, 'Marcin', 'Budziński', 'POL', '1990-07-06', 'MID', 1),
(1010, 'Mateusz', 'Cetnarski', 'POL', '1988-07-06', 'MID', 1),
(1011, 'Damian', 'Dąbrowski', 'POL', '1992-08-27', 'MID', 1),
(1012, 'Bartosz', 'Kapustka', 'POL', '1996-12-23', 'MID', 1),
(1013, 'Deniss', 'Rakels', 'POL', '1986-08-20', 'FOR', 1),
(1014, 'Krzysztof', 'Szewczyk', 'POL', '1996-03-06', 'FOR', 1),
(1015, 'Dariusz', 'Zjawiński', 'POL', '1986-08-19', 'FOR', 1),
-- Górnik Łęczna
(1016, 'Sergiusz', 'Prusak', 'POL', '1979-05-01', 'GK', 2),
(1017, 'Silvio', 'Rodić', 'CRO', '1987-07-25', 'GK', 2),
(1018, 'Marcin', 'Kalkowski', 'POL', '1989-11-06', 'DEF', 2),
(1019, 'Sebastian', 'Kopeć', 'POL', '1994-02-14', 'DEF', 2),
(1020, 'Leandro', 'Messiah dos Santos', 'BRA', '1983-12-29', 'DEF', 2),
(1021, 'Łukasz', 'Mierzejewski', 'POL', '1982-08-31', 'DEF', 2),
(1022, 'Paweł', 'Sasin', 'POL', '1983-10-02', 'DEF', 2),
(1023, 'Grzegorz', 'Bonin', 'POL', '1983-12-02', 'MID', 2),
(1024, 'Wojciech', 'Kalinowski', 'POL', '1993-09-09', 'MID', 2),
(1025, 'Veljko', 'Nikitović', 'SRB', '1980-10-03', 'MID', 2),
(1026, 'Tomasz', 'Nowak', 'POL', '1985-10-30', 'MID', 2),
(1027, 'Grzegorz', 'Piesio', 'POL', '1988-07-17', 'MID' , 2),
(1028, 'Fedor', 'Cernych', 'LTU', '1991-05-21', 'FOR', 2),
(1029, 'Bartosz', 'Śpiączka', 'POL', '1991-08-19', 'FOR', 2),
(1030, 'Jakub', 'Świerczok', 'POL', '1992-12-28', 'FOR', 2),
-- Górnik Zabrze
(1031, 'Grzegorz', 'Kasprzyk', 'POL', '1983-09-20', 'GK', 3),
(1032, 'Sebastian', 'Przyrowski', 'POL', '1981-11-30', 'GK', 3),
(1033, 'Adam', 'Danch', 'POL', '1987-12-15', 'DEF', 3),
(1034, 'Rafał', 'Kosznik', 'POL', '1983-12-17', 'DEF', 3),
(1035, 'Bartosz', 'Kopacz', 'POL', '1992-05-21', 'DEF', 3),
(1036, 'Mariusz', 'Magiera', 'POL', '1984-08-25', 'DEF', 3),
(1037, 'Maciej', 'Mańka', 'POL', '1989-06-30', 'DEF', 3),
(1038, 'Armin', 'Ćerimagić', 'BIH', '1994-01-14', 'MID', 3),
(1039, 'Roman', 'Gergel', 'SVK', '1988-02-22', 'MID', 3),
(1040, 'Erik', 'Grendel', 'SVK', '1988-10-13', 'MID', 3),
(1041, 'Rafał', 'Kurzawa', 'POL', '1993-01-29', 'MID', 3),
(1042, 'Radosław', 'Sobolewski', 'POL', '1976-12-13', 'MID', 3),
(1043, 'Jarosław', 'Potoniec', 'POL', '1996-04-29', 'FOR', 3),
(1044, 'Szymon', 'Skrzypczak', 'POL', '1990-03-14', 'FOR', 3),
(1045, 'Marcin', 'Urynowicz', 'POL', '1996-03-16', 'FOR', 3),
-- Jagiellonia Białystok
(1046, 'Krzysztof', 'Baran', 'POL', '1990-02-12', 'GK', 4),
(1047, 'Bartłomiej', 'Drągowski', 'POL', '1997-08-19', 'GK', 4),
(1048, 'Rafał', 'Augustyniak', 'POL', '1993-10-14', 'DEF', 4),
(1049, 'Martin', 'Baran', 'SVK', '1988-01-03', 'DEF', 4),
(1050, 'Emil', 'Łupiński', 'POL', '1996-01-13', 'DEF', 4),
(1051, 'Sebastian', 'Madera', 'POL', '1985-05-30', 'DEF', 4),
(1052, 'Igors', 'Tarasovs', 'LVA', '1988-10-16', 'DEF', 4),
(1053, 'Michał', 'Domański', 'POL', '1998-03-21', 'MID', 4),
(1054, 'Nika', 'Dzalamidze', 'GEO', '1992-01-06', 'MID', 4),
(1055, 'Przemysław', 'Frankowski', 'POL', '1995-04-12', 'MID', 4),
(1056, 'Maciej', 'Gajos', 'POL', '1991-03-19', 'MID', 4),
(1057, 'Konstantin', 'Vassiljev', 'EST', '1984-08-16', 'MID', 4),
(1058, 'Emil', 'Gajko', 'POL', '1996-05-10', 'FOR', 4),
(1059, 'Łukasz', 'Sekulski', 'POL', '1990-11-03', 'FOR', 4),
(1060, 'Karol', 'Świderski', 'POL', '1997-01-21', 'FOR', 4),
-- Korona Kielce
(1061, 'Zbigniew', 'Małkowski', 'POL', '1978-01-19', 'GK', 5),
(1062, 'Dariusz', 'Trela', 'POL', '1989-12-05', 'GK', 5),
(1063, 'Radek', 'Dejmek', 'CZE', '1988-02-02', 'DEF', 5),
(1064, 'Vladislavs', 'Gabovs', 'LVA', '1987-07-13', 'DEF', 5),
(1065, 'Krzysztof', 'Kiercz', 'POL', '1989-02-16', 'DEF', 5),
(1066, 'Piotr', 'Malarczyk', 'POL', '1991-08-01', 'DEF', 5),
(1067, 'Kamil', 'Sylwestrzak', 'POL', '1988-06-16', 'DEF', 5),
(1068, 'Nabil', 'Aankour', 'MAR', '1993-08-09', 'MID', 5),
(1069, 'Marcin', 'Cebula', 'POL', '1995-12-06', 'MID', 5),
(1070, 'Vlastimir', 'Jovanovic', 'BIH', '1985-04-03', 'MID', 5),
(1071, 'Vanja', 'Markovic', 'SRB', '1994-06-20', 'MID', 5),
(1072, 'Paweł', 'Sobolewski', 'POL', '1979-06-20', 'MID', 5),
(1073, 'Michał', 'Przybyła', 'POL', '1994-07-01', 'FOR', 5),
(1074, 'Przemysław', 'Trytko', 'POL', '1987-08-26', 'FOR', 5),
(1075, 'Tomasz', 'Zając', 'POL', '1995-07-14', 'FOR', 5),
-- Lech Poznań
(1076, 'Jasmin', 'Burić', 'BIH', '1987-02-18', 'GK', 6),
(1077, 'Krzysztof', 'Kotorowski', 'POL', '1976-09-12', 'GK', 6),
(1078, 'Paulus', 'Aranjuuri', 'FIN', '1988-06-15', 'DEF', 6),
(1079, 'Jan', 'Bednarek', 'POL', '1996-04-12', 'DEF', 6),
(1080, 'Barry', 'Douglas', 'SCO', '1989-09-04', 'DEF', 6),
(1081, 'Tamas', 'Kadar', 'HUN', '1990-03-14', 'DEF', 6),
(1082, 'Marcin', 'Kamiński', 'POL', '1992-01-15', 'DEF', 6),
(1083, 'Dariusz', 'Dudka', 'POL', '1983-12-09', 'MID', 6),
(1084, 'Kasper', 'Hamalainen', 'FIN', '1976-08-08', 'MID', 6),
(1085, 'Karol', 'Linetty', 'POL', '1995-02-02', 'MID', 6),
(1086, 'Gergo', 'Lovrencsics', 'HUN', '1988-09-01', 'MID', 6),
(1087, 'Szymon', 'Pawłowski', 'POL', '1986-11-04', 'MID', 6),
(1088, 'Dawid', 'Kownacki', 'POL', '1997-03-14', 'FOR', 6),
(1089, 'Marcin', 'Robak', 'POL', '1982-11-29', 'FOR', 6),
(1090, 'Denis', 'Thomalla', 'GER', '1992-08-16', 'FOR', 6),
-- Lechia Gdańsk
(1091, 'Mateusz', 'Bąk', 'POL', '1983-02-24', 'GK', 7),
(1092, 'Marko', 'Marić', 'CRO', '1996-01-03', 'GK', 7),
(1093, 'Damian', 'Garbacik', 'POL', '1996-01-30', 'DEF', 7),
(1094, 'Rafał', 'Janicki', 'POL', '1992-07-05', 'DEF', 7),
(1095, 'Nikola', 'Lekovic', 'CRO', '1989-12-19', 'DEF', 7),
(1096, 'Jakub', 'Wawrzyniak', 'POL', '1983-07-07', 'DEF', 7),
(1097, 'Grzegorz', 'Wojtkowiak', 'POL', '1984-01-26', 'DEF', 7),
(1098, 'Ariel', 'Borysiuk', 'POL', '1991-07-29', 'MID', 7),
(1099, 'Bruno', 'dos Santos Nazario', 'BRA', '1995-02-09', 'MID', 7),
(1100, 'Daniel', 'Łukasik', 'POL', '1991-04-28', 'MID', 7),
(1101, 'Sebastial', 'Mila', 'POL', '1982-07-10', 'MID', 7),
(1102, 'Bartłomiej', 'Pawłowski', 'POL', '1992-11-13', 'MID', 7),
(1103, 'Adam', 'Buksa', 'POL', '1996-07-12', 'FOR', 7),
(1104, 'Antonio', 'Colak', 'CRO', '1993-09-17', 'FOR', 7),
(1105, 'Lukas', 'Haraslin', 'SVK', '1996-05-26', 'FOR', 7),
-- Legia Warszawa
(1106, 'Dusan', 'Kuciak', 'SVK', '1985-05-21', 'GK', 8),
(1107, 'Arkadiusz', 'Malarz', 'POL', '1980-6-19', 'GK', 8),
(1108, 'Bartosz', 'Bereszyński', 'POL', '1992-07-12', 'DEF', 8),
(1109, 'Łukasz', 'Broź', 'POL', '1985-12-17', 'DEF', 8),
(1110, 'Tomasz', 'Brzyski', 'POL', '1982-01-10', 'DEF', 8),
(1111, 'Michał', 'Pazdan', 'POL', '1987-09-21', 'DEF', 8),
(1112, 'Jakub', 'Rzeźniczak', 'POL', '1986-10-26', 'DEF', 8),
(1113, 'Ondrej', 'Duda', 'SVK', '1994-12-5', 'MID', 8),
(1114, 'Guilherme', 'Costa Marquez', 'BRA', '1991-06-21', 'MID', 8),
(1115, 'Tomasz', 'Jodłowiec', 'POL', '1985-09-08', 'MID', 8),
(1116, 'Michał', 'Kucharczyk', 'POL', '1991-03-20', 'MID', 8),
(1117, 'Ivica', 'Vrdoljak', 'CRO', '1983-09-19', 'MID', 8),
(1118, 'Nemanja', 'Nikolic', 'HUN', '1987-12-31', 'FOR', 8),
(1119, 'Arkadiusz', 'Piech', 'POL', '1985-06-07', 'FOR', 8),
(1120, 'Aleksandar', 'Prijovic', 'SUI', '1990-04-21', 'FOR', 8),
-- Piast Gliwice
(1121, 'Rafał', 'Leszczyński', 'POL', '1992-04-22', 'GK', 9),
(1122, 'Jakub', 'Szmatuła', 'POL', '1981-03-22', 'GK', 9),
(1123, 'Hebert', 'Silva Santos', 'BRA', '1991-05-23', 'DEF', 9),
(1124, 'Adrian', 'Klepczyński', 'POL', '1981-04-01', 'DEF', 9),
(1125, 'Tomasz', 'Mokwa', 'POL', '1993-02-10', 'DEF', 9),
(1126, 'Paweł', 'Moskwik', 'POL', '1992-06-08', 'DEF', 9),
(1127, 'Patrik', 'Mraz', 'SVK', '1987-02-01', 'DEF', 9),
(1128, 'Gerard', 'Badia', 'ESP', '1989-10-18', 'MID', 9),
(1129, 'Patryk', 'Dziczek', 'POL', '1998-03-25', 'MID', 9),
(1130, 'Radosław', 'Murawski', 'POL', '1994-04-22', 'MID', 9),
(1131, 'Bartosz', 'Szeliga', 'POL', '1993-01-10', 'MID', 9),
(1132, 'Kamil', 'Vacek', 'CZE', '1987-05-18', 'MID', 9),
(1133, 'Karol', 'Angielski', 'POL', '1996-03-20', 'FOR', 9),
(1134, 'Josip', 'Barisić', 'CRO', '1986-11-14', 'FOR', 9),
(1135, 'Sebastian', 'Musiolik', 'POL', '1996-05-19', 'FOR', 9),
-- Podbeskidzie Bielsko-Biała
(1136, 'Wojciech', 'Kaczmarek', 'POL', '1983-03-29', 'GK', 10),
(1137, 'Sebastian', 'Madejski', 'POL', '1997-10-02', 'GK', 10),
(1138, 'Frank', 'Adu Kwame', 'GHA', '1985-05-16', 'DEF', 10),
(1139, 'Gracjan', 'Horoszkiewicz', 'POL', '1995-03-18', 'DEF', 10),
(1140, 'Kristian', 'Kolcak', 'SVK', '1990-01-30', 'DEF', 10),
(1141, 'Bartłomiej', 'Konieczny', 'POL', '1981-06-09', 'DEF', 10),
(1142, 'Adam', 'Pazio', 'POL', '1992-09-27', 'DEF', 10),
(1143, 'Damian', 'Chmiel', 'POL', '1987-05-06', 'MID', 10),
(1144, 'Adam', 'Deja', 'POL', '1993-06-24', 'MID', 10),
(1145, 'Kohei', 'Kato', 'JPN', '1989-06-14', 'MID', 10),
(1146, 'Mateusz', 'Możdżeń', 'POL', '1991-03-14', 'MID', 10),
(1147, 'Marek', 'Sokołowski', 'POL', '1978-03-11', 'MID', 10),
(1148, 'Robert', 'Demjan', 'SVK', '1982-10-26', 'FOR', 10),
(1149, 'Kamil', 'Jonkisz', 'POL', '1995-08-29', 'FOR', 10),
(1150, 'Maciej', 'Korzym' , 'POL', '1988-05-02', 'FOR', 10),
-- Pogoń Szczecin
(1151, 'Dawid', 'Kudła', 'POL', '1992-03-21', 'GK', 11),
(1152, 'Jakub', 'Słowik', 'POL', '1981-08-31', 'GK', 11),
(1153, 'Jakub', 'Czerwiński', 'POL', '1991-08-06', 'DEF', 11),
(1154, 'Jarosław', 'Fojut', 'POL', '1987-10-17', 'DEF', 11),
(1155, 'Mateusz', 'Lewandowski', 'POL', '1993-03-18', 'DEF', 11),
(1156, 'Sebastian', 'Murawski', 'POL', '1994-03-01', 'DEF', 11),
(1157, 'Ricardo', 'Nunes', 'RSA', '1986-06-18', 'DEF', 11),
(1158, 'Takafumi', 'Akahoshi', 'JPN', '1986-05-27', 'MID', 11),
(1159, 'Patryk', 'Małecki', 'POL', '1988-08-01', 'MID', 11),
(1160, 'Rafał', 'Murawski', 'POL', '1981-10-09', 'MID', 11),
(1161, 'Takuya', 'Murayama', 'JPN', '1989-08-08', 'MID', 11),
(1162, 'Mateusz', 'Matras', 'POL', '1991-01-23', 'MID', 11),
(1163, 'Marcin', 'Listkowski', 'POL', '1998-02-10', 'FOR', 11),
(1164, 'Łukasz', 'Zwoliński', 'POL', '1993-02-24', 'FOR', 11),
(1165, 'Adam', 'Frączczak', 'POL', '1987-08-07', 'FOR', 11),
-- Ruch Chorzów
(1166, 'Kamil', 'Lech', 'POL', '1994-09-15', 'GK', 12),
(1167, 'Matus', 'Putnocky', 'SVK', '1984-11-01', 'GK', 12),
(1168, 'Mateusz', 'Cichocki', 'POL', '1992-01-31', 'DEF', 12),
(1169, 'Rafał', 'Grodzicki', 'POL', '1983-10-28', 'DEF', 12),
(1170, 'Michał', 'Helik', 'POL', '1995-09-09', 'DEF', 12),
(1171, 'Paweł', 'Oleksy', 'POL', '1991-04-01', 'DEF', 12),
(1172, 'Marek', 'Szyndrowski', 'POL', '1980-10-30', 'DEF', 12),
(1173, 'Miłosz', 'Trojak', 'POL', '1994-05-05', 'MID', 12),
(1174, 'Maciej', 'Iwański', 'POL', '1981-05-07', 'MID', 12),
(1175, 'Artur', 'Lenartowski', 'POL', '1988-03-17', 'MID', 12),
(1176, 'Patryk', 'Lipski', 'POL', '1994-06-12', 'MID', 12),
(1177, 'Łukasz', 'Surma', 'POL', '1977-06-28', 'MID', 12),
(1178, 'Michał', 'Efir', 'POL', '1992-04-14', 'FOR', 12),
(1179, 'Mateusz', 'Kwiatkowski', 'POL', '1992-11-23', 'FOR', 12),
(1180, 'Eduards', 'Visnakovs', 'LVA', '1990-05-10', 'FOR', 12),
-- Śląsk Wrocław
(1181, 'Mateusz', 'Abramowicz', 'POL', '1992-11-08', 'GK', 13),
(1182, 'Mariusz', 'Pawełek', 'POL', '1981-03-17', 'GK', 13),
(1183, 'Piotr', 'Celeban', 'POL', '1985-06-25', 'DEF', 13),
(1184, 'Dudu', 'Paraiba', 'BRA', '1985-03-11', 'DEF', 13),
(1185, 'Adam', 'Kokoszka', 'POL', '1986-10-06', 'DEF', 13),
(1186, 'Krzysztof', 'Ostrowski', 'POL', '1982-05-03', 'DEF', 13),
(1187, 'Mariusz', 'Pawelec', 'POL', '1986-04-14', 'DEF', 13),
(1188, 'Marcel', 'Gekov', 'CZE', '1988-01-01', 'MID', 13),
(1189, 'Tom', 'Hateley', 'ENG', '1989-09-12', 'MID', 13),
(1190, 'Peter', 'Grajciar', 'POL', '1983-09-17', 'MID', 13),
(1191, 'Tomasz', 'Hołota', 'POL', '1991-01-27', 'MID', 13),
(1192, 'Robert', 'Pich', 'POL', '1988-11-12', 'MID', 13),
(1193, 'Jacek', 'Kiełb', 'POL', '1988-01-10', 'FOR', 13),
(1194, 'Flavio', 'Paixao', 'POR', '1984-09-19', 'FOR', 13),
(1195, 'Mariusz', 'Idzik', 'POL', '1997-04-01', 'FOR', 13),
-- Termalica Bruk-Bet Nieciecza
(1196, 'Sebastian', 'Nowak', 'POL', '1982-01-13', 'GK', 14),
(1197, 'Adrian', 'Olszewski', 'POL', '1993-06-28', 'GK', 14),
(1198, 'Dawid', 'Abramowicz', 'POL', '1995-05-16', 'DEF', 14),
(1199, 'Adrian', 'Chomik', 'POL', '1988-06-22', 'DEF', 14),
(1200, 'Patryk', 'Fryc', 'POL', '1993-02-24', 'DEF', 14),
(1201, 'Dariusz', 'Jarecki', 'POL', '1981-03-23', 'DEF', 14),
(1202, 'Sebastian', 'Ziajka', 'POL', '1982-12-15', 'DEF', 14),
(1203, 'Bartłomiej', 'Babiarz', 'POL', '1989-02-03', 'MID', 14),
(1204, 'Jakub', 'Biskup', 'POL', '1983-05-08', 'MID', 14),
(1205, 'Tomasz', 'Foszmańczyk', 'POL', '1986-02-07', 'MID', 14),
(1206, 'Dalibor', 'Pleva', 'SVK', '1984-04-02', 'MID', 14),
(1207, 'Dawid', 'Plizga', 'POL', '1985-11-17', 'MID', 14),
(1208, 'Emil', 'Drozdowicz', 'POL', '1986-07-05', 'FOR', 14),
(1209, 'Wołodymyr', 'Kowal', 'UKR', '1992-03-06', 'FOR', 14),
(1210, 'Adrian', 'Paluchowski', 'POL', '1987-08-19', 'FOR', 14),
-- Wisła Kraków
(1211, 'Michał', 'Buchalik', 'POL', '1989-02-03', 'GK', 15),
(1212, 'Radosław', 'Cierzniak', 'POL', '1983-04-24', 'GK', 15),
(1213, 'Łukasz', 'Burliga', 'POL', '1988-05-10', 'DEF', 15),
(1214, 'Arkadiusz', 'Głowacki', 'POL', '1979-03-13', 'DEF', 15),
(1215, 'Richard', 'Guzmics', 'HUN', '1987-04-16', 'DEF', 15),
(1216, 'Maciej', 'Sadlok', 'POL', '1989-06-29', 'DEF', 15),
(1217, 'Piotr', 'Żemło', 'POL', '1995-07-10', 'DEF', 15),
(1218, 'Rafał', 'Boguski', 'POL', '1984-06-09', 'MID', 15),
(1219, 'Wilde-Donald', 'Guerrier', 'HAI', '1989-03-31', 'MID', 15),
(1220, 'Maciej', 'Jankowski', 'POL', '1990-01-04', 'MID', 15),
(1221, 'Krzysztof', 'Mączyński', 'POL', '1987-05-23', 'MID', 15),
(1222, 'Emmanuel', 'Sarki', 'HAI', '1987-12-26', 'MID', 15),
(1223, 'Rafael', 'Crivellaro', 'ITA', '1989-02-12', 'FOR', 15),
(1224, 'Tomasz', 'Cywka', 'POL', '1988-06-27', 'FOR', 15),
(1225, 'Paweł', 'Brożek', 'POL', '1983-04-21', 'FOR', 15),
-- Zagłębie Lubin
(1226, 'Konrad', 'Forenc', 'POL', '1992-07-17', 'GK', 16),
(1227, 'Martin', 'Polacek', 'SVK', '1990-04-02', 'GK', 16),
(1228, 'Djordje', 'Cotra', 'SRB', '1984-09-13', 'DEF', 16),
(1229, 'Maciej', 'Dąbrowski', 'POL', '1987-04-20', 'DEF', 16),
(1230, 'Lubomir', 'Guldan', 'SVK', '1983-01-30', 'DEF', 16),
(1231, 'Jarosław', 'Jach', 'POL', '1994-02-17', 'DEF', 16),
(1232, 'Aleksandar', 'Todorovski', 'MDA', '1984-02-26', 'DEF', 16),
(1233, 'Adrian', 'Błąd', 'POL', '1991-04-16', 'MID', 16),
(1234, 'Filip', 'Jagiełło', 'POL', '1997-08-08', 'MID', 16),
(1235, 'Łukasz', 'Janoszka', 'POL', '1987-03-18', 'MID', 16),
(1236, 'Łukasz', 'Piątek', 'POL', '1985-09-21', 'MID', 16),
(1237, 'Jan', 'Vlasko', 'SVK', '1990-01-11', 'MID', 16),
(1238, 'Konrad', 'Andrzejczak', 'POL', '1996-06-08', 'FOR', 16),
(1239, 'Michal', 'Papadopulos', 'CZE', '1985-04-14', 'FOR', 16),
(1240, 'Krzysztof', 'Piątek', 'POL', '1995-07-01', 'FOR', 16);


INSERT INTO Sponsors
VALUES
(1, 'Nike', 'odzież'),
(2, 'Adidas', 'odzież'),
(3, 'Puma', 'odzież'),
(4, 'Joma', 'odzież'),
(5, 'Under Armour', 'odzież'),
(6, 'Reebok', 'odzież'),
(7, 'New Balance', 'odzież'),
(8, 'ASICS', 'odzież'),
(9, 'STS', 'zakłady bukmacherskie'),
(10, 'Fortuna', 'zakłady bukmacherskie'),
(11, 'eWinner', 'zakłady bukmacherskie'),
(12, 'LV BET', 'zakłady bukmacherskie'),
(13, 'Forbet', 'zakłady bukmacherskie'),
(14, 'Totalbet', 'zakłady bukmacherskie'),
(15, 'Betclic', 'zakłady bukmacherskie'),
(16, 'Superbet', 'zakłady bukmacherskie'),
(17, 'T-Mobile', 'operator komórkowy');


INSERT INTO SponsorsTeams
VALUES 
(1, 1, '2010-01-01', '2016-12-31'),
(2, 2, '2008-01-01', '2016-12-31'),
(3, 3, '2012-01-01', '2017-06-30'),
(4, 4, '2009-01-01', '2018-12-31'),
(5, 5, '2015-01-01', '2018-12-31'),
(6, 6, '2010-01-01', '2016-12-31'),
(7, 7, '2014-01-01', '2017-12-31'),
(8, 8, '2016-01-01', '2019-12-31'),
(1, 9, '2010-01-01', '2016-12-31'),
(2, 10, '2008-01-01', '2017-12-31'),
(3, 11, '2012-01-01', '2018-12-31'),
(4, 12, '2009-01-01', '2019-12-31'),
(5, 13, '2015-01-01', NULL),
(6, 14, '2010-01-01', '2016-12-31'),
(7, 15, '2014-01-01', NULL),
(8, 16, '2016-01-01', NULL),
(9, 1, '2017-01-01', '2021-12-31'),
(10, 2, '2018-01-01', '2022-12-31'),
(11, 3, '2013-01-01', '2023-12-31'),
(12, 4, '2010-01-01', '2014-12-31'),
(13, 5, '2011-01-01', '2015-12-31'),
(14, 6, '2015-01-01', '2018-12-31'),
(15, 7, '2008-01-01', '2014-12-31'),
(16, 8, '2016-01-01', '2019-12-31'),
(9, 9, '2017-01-01', '2021-12-31'),
(10, 10, '2018-01-01', '2022-12-31'),
(11, 11, '2013-01-01', '2023-12-31'),
(12, 12, '2010-01-01', '2018-12-31'),
(13, 13, '2011-01-01', '2019-12-31'),
(14, 14, '2015-01-01', '2018-12-31'),
(15, 15, '2008-01-01', '2020-12-31'),
(16, 16, '2016-01-01', '2019-12-31');

INSERT INTO SponsorsPlayers
VALUES 
(1, 1001, '2010-02-15', '2013-07-31'),
(2, 1001, '2014-01-10', '2014-12-31'),
(3, 1010, '2009-11-20', '2011-09-30'),
(4, 1010, '2012-04-05', '2014-05-31'),
(5, 1020, '2011-03-08', '2012-12-31'),
(6, 1020, '2013-08-12', '2014-10-15'),
(7, 1030, '2008-12-01', '2010-06-30'),
(8, 1030, '2011-11-15', '2013-04-30'),
(1, 1040, '2010-06-25', '2012-03-31'),
(2, 1040, '2014-02-01', '2014-09-30'),
(5, 1123, '2010-01-01', '2011-12-31'),
(8, 1123, '2012-04-15', '2014-06-30'),
(3, 1051, '2010-08-01', '2011-11-30'),
(4, 1051, '2012-02-10', '2014-05-31'),
(5, 1059, '2010-10-01', '2012-04-15'),
(6, 1059, '2012-07-01', '2014-12-31'),
(7, 1034, '2011-02-15', '2012-05-31'),
(8, 1034, '2013-09-01', '2014-12-31'),
(1, 1031, '2012-01-15', '2013-08-31'),
(2, 1031, '2014-03-10', '2014-11-30'),
(3, 1031, '2015-01-01', '2018-09-30'),
(4, 1032, '2010-06-08', '2012-12-31'),
(5, 1032, '2013-01-01', '2014-01-31'),
(6, 1032, '2015-01-01', '2024-10-15'),
(7, 1033, '2010-07-01', '2012-04-30'),
(8, 1033, '2012-11-20', '2013-07-31'),
(1, 1033, '2014-10-01', '2025-06-30');


INSERT INTO OutOfGame (PlayerID, Pause_Start, Pause_End, Reason)
VALUES
(1001, '2012-05-15', '2012-05-20', 'Cards'),
(1010, '2012-03-10', '2012-03-20', 'Injury'),
(1020, '2014-09-01', '2014-09-10', 'Cards'),
(1030, '2010-12-15', '2010-12-25', 'Injury'),
(1040, '2013-04-01', '2013-04-10', 'Cards'),
(1050, '2011-09-10', '2011-09-20', 'Injury'),
(1060, '2014-02-15', '2014-02-25', 'Cards'),
(1070, '2013-01-01', '2013-01-10', 'Injury'),
(1080, '2012-06-10', '2012-06-20', 'Cards'),
(1090, '2014-11-05', '2014-11-15', 'Injury'),
(1100, '2011-04-20', '2011-04-30', 'Cards'),
(1110, '2012-10-01', '2012-10-10', 'Injury'),
(1120, '2013-05-15', '2013-05-25', 'Cards'),
(1140, '2014-03-01', '2014-03-10', 'Cards'),
(1150, '2011-12-10', '2011-12-20', 'Injury'),
(1170, '2012-02-15', '2012-02-25', 'Injury'),
(1190, '2011-05-01', '2011-05-10', 'Injury'),
(1200, '2013-10-15', '2013-10-25', 'Cards'),
(1210, '2010-11-20', '2010-11-30', 'Injury'),
(1220, '2014-06-05', '2014-06-15', 'Cards'),
(1230, '2012-01-10', '2012-01-20', 'Injury'),
(1240, '2013-06-15', '2013-06-25', 'Cards'),
(1205, '2014-12-20', '2015-01-02', 'Injury'),
(1035, '2011-03-01', '2011-03-10', 'Cards'),
(1125, '2014-04-01', '2014-04-10', 'Injury'),
(1014, '2012-05-15', '2012-05-20', 'Cards'),
(1014, '2013-01-01', '2013-04-10', 'Injury'),
(1014, '2014-06-15', '2014-06-25', 'Cards'),
(1014, '2015-01-01', '2015-05-20', 'Injury'),
(1023, '2012-03-10', '2012-05-20', 'Injury'),
(1023, '2013-09-01', '2013-09-05', 'Cards'),
(1023, '2014-01-20', '2014-06-30', 'Injury'),
(1023, '2014-12-02', '2014-12-15', 'Cards');

INSERT INTO SeasonWinners
VALUES
('2012/1013', 17, 8, 12, 1148),
('2013/2014', 17, 8, 16, 1089),
('2014/2015', 17, 6, 2, 1194);

INSERT INTO Matches
VALUES
-- Pierwsza runda pucharu
(1001, '2015-09-01', 1, 4, NULL, NULL, 2),
(1002, '2015-09-01', 7, 15, NULL, NULL, 1),
(1003, '2015-09-01', 3, 8, NULL, NULL, 7), 
(1004, '2015-09-01', 6, 12, NULL, NULL, 8),
(1005, '2015-09-02', 5, 9, NULL, NULL, 3),
(1006, '2015-09-02', 13, 16, NULL, NULL, 5),
(1007, '2015-09-02', 7, 10, NULL, NULL, 4),
(1008, '2015-09-02', 2, 11, NULL, NULL, 6),
-- Jesien
(2001, '2015-09-05', 1, 2, NULL, NULL, 1),
(2002, '2015-09-05', 3, 4, NULL, NULL, 2),
(2003, '2015-09-05', 5, 6, NULL, NULL, 3),
(2004, '2015-09-05', 7, 8, NULL, NULL, 4),
(2005, '2015-09-05', 9, 10, NULL, NULL, 5),
(2006, '2015-09-05', 11, 12, NULL, NULL, 6),
(2007, '2015-09-05', 13, 14, NULL, NULL, 7),
(2008, '2015-09-05', 15, 16, NULL, NULL, 8),
(2009, '2015-09-12', 1, 3, NULL, NULL, 1),
(2010, '2015-09-12', 2, 4, NULL, NULL, 2),
(2011, '2015-09-12', 5, 7, NULL, NULL, 3),
(2012, '2015-09-12', 6, 8, NULL, NULL, 4),
(2013, '2015-09-12', 9, 11, NULL, NULL, 5),
(2014, '2015-09-12', 10, 12, NULL, NULL, 7),
(2015, '2015-09-12', 13, 15, NULL, NULL, 8),
(2016, '2015-09-12', 14, 16, NULL, NULL, 10),
(2017, '2015-09-19', 1, 4, NULL, NULL, 1),
(2018, '2015-09-19', 2, 3, NULL, NULL, 2),
(2019, '2015-09-19', 5, 8, NULL, NULL, 3),
(2020, '2015-09-19', 6, 7, NULL, NULL, 4),
(2021, '2015-09-19', 9, 12, NULL, NULL, 6),
(2022, '2015-09-19', 10, 11, NULL, NULL, 7),
(2023, '2015-09-19', 13, 16, NULL, NULL, 8),
(2024, '2015-09-19', 14, 15, NULL, NULL, 11),
(2025, '2015-09-26', 1, 5, NULL, NULL, 1),
(2026, '2015-09-26', 2, 6, NULL, NULL, 2),
(2027, '2015-09-26', 3, 7, NULL, NULL, 3),
(2028, '2015-09-26', 4, 8, NULL, NULL, 4),
(2029, '2015-09-26', 9, 13, NULL, NULL, 7),
(2030, '2015-09-26', 10, 14, NULL, NULL, 9),
(2031, '2015-09-26', 11, 15, NULL, NULL, 10),
(2032, '2015-09-26', 12, 16, NULL, NULL, 11),
(2033, '2015-10-03', 1, 6, NULL, NULL, 1),
(2034, '2015-10-03', 2, 5, NULL, NULL, 2),
(2035, '2015-10-03', 3, 8, NULL, NULL, 3),
(2036, '2015-10-03', 4, 7, NULL, NULL, 5),
(2037, '2015-10-03', 9, 14, NULL, NULL, 6),
(2038, '2015-10-03', 10, 13, NULL, NULL, 9),
(2039, '2015-10-03', 11, 16, NULL, NULL, 10),
(2040, '2015-10-03', 12, 15, NULL, NULL, 11),
(2041, '2015-10-10', 1, 7, NULL, NULL, 1),
(2042, '2015-10-10', 2, 8, NULL, NULL, 2),
(2043, '2015-10-10', 3, 5, NULL, NULL, 3),
(2044, '2015-10-10', 4, 6, NULL, NULL, 7),
(2045, '2015-10-10', 9, 15, NULL, NULL, 8),
(2046, '2015-10-10', 10, 16, NULL, NULL, 9),
(2047, '2015-10-10', 11, 13, NULL, NULL, 10),
(2048, '2015-10-10', 12, 14, NULL, NULL, 11),
(2049, '2015-10-17', 1, 8, NULL, NULL, 1),
(2050, '2015-10-17', 2, 7, NULL, NULL, 2),
(2051, '2015-10-17', 3, 6, NULL, NULL, 4),
(2052, '2015-10-17', 4, 5, NULL, NULL, 5),
(2053, '2015-10-17', 9, 16, NULL, NULL, 7),
(2054, '2015-10-17', 10, 15, NULL, NULL, 8),
(2055, '2015-10-17', 11, 14, NULL, NULL, 9),
(2056, '2015-10-17', 12, 13, NULL, NULL, 10),
(2057, '2015-10-24', 1, 9, NULL, NULL, 1),
(2058, '2015-10-24', 2, 10, NULL, NULL, 2),
(2059, '2015-10-24', 3, 11, NULL, NULL, 5),
(2060, '2015-10-24', 4, 12, NULL, NULL, 6),
(2061, '2015-10-24', 5, 13, NULL, NULL, 7),
(2062, '2015-10-24', 6, 14, NULL, NULL, 8),
(2063, '2015-10-24', 7, 15, NULL, NULL, 9),
(2064, '2015-10-24', 8, 16, NULL, NULL, 10),
(2065, '2015-10-31', 1, 10, NULL, NULL, 1),
(2066, '2015-10-31', 2, 9, NULL, NULL, 3),
(2067, '2015-10-31', 3, 12, NULL, NULL, 4),
(2068, '2015-10-31', 4, 11, NULL, NULL, 5),
(2069, '2015-10-31', 5, 14, NULL, NULL, 6),
(2070, '2015-10-31', 6, 13, NULL, NULL, 7),
(2071, '2015-10-31', 7, 16, NULL, NULL, 9),
(2072, '2015-10-31', 8, 15, NULL, NULL, 11),
(2073, '2015-11-07', 1, 11, NULL, NULL, 1),
(2074, '2015-11-07', 2, 12, NULL, NULL, 3),
(2075, '2015-11-07', 3, 9, NULL, NULL, 4),
(2076, '2015-11-07', 4, 10, NULL, NULL, 6),
(2077, '2015-11-07', 5, 15, NULL, NULL, 7),
(2078, '2015-11-07', 6, 16, NULL, NULL, 8),
(2079, '2015-11-07', 7, 13, NULL, NULL, 9),
(2080, '2015-11-07', 8, 14, NULL, NULL, 10),
(2081, '2015-11-14', 1, 12, NULL, NULL, 1),
(2082, '2015-11-14', 2, 11, NULL, NULL, 3),
(2083, '2015-11-14', 3, 10, NULL, NULL, 5),
(2084, '2015-11-14', 4, 9, NULL, NULL, 7),
(2085, '2015-11-14', 5, 16, NULL, NULL, 8),
(2086, '2015-11-14', 6, 15, NULL, NULL, 9),
(2087, '2015-11-14', 7, 14, NULL, NULL, 10),
(2088, '2015-11-14', 8, 13, NULL, NULL, 11),
(2089, '2015-11-21', 1, 13, NULL, NULL, 2),
(2090, '2015-11-21', 2, 14, NULL, NULL, 3),
(2091, '2015-11-21', 3, 15, NULL, NULL, 4),
(2092, '2015-11-21', 4, 16, NULL, NULL, 5),
(2093, '2015-11-21', 5, 9, NULL, NULL, 6),
(2094, '2015-11-21', 6, 10, NULL, NULL, 7),
(2095, '2015-11-21', 7, 11, NULL, NULL, 8),
(2096, '2015-11-21', 8, 12, NULL, NULL, 10),
(2097, '2015-11-28', 1, 14, NULL, NULL, 2),
(2098, '2015-11-28', 2, 13, NULL, NULL, 3),
(2099, '2015-11-28', 3, 16, NULL, NULL, 4),
(2100, '2015-11-28', 4, 15, NULL, NULL, 5),
(2101, '2015-11-28', 5, 10, NULL, NULL, 7),
(2102, '2015-11-28', 6, 9, NULL, NULL, 8),
(2103, '2015-11-28', 7, 12, NULL, NULL, 10),
(2104, '2015-11-28', 8, 11, NULL, NULL, 11),
(2105, '2015-12-05', 1, 15, NULL, NULL, 2),
(2106, '2015-12-05', 2, 16, NULL, NULL, 3),
(2107, '2015-12-05', 3, 13, NULL, NULL, 5),
(2108, '2015-12-05', 4, 14, NULL, NULL, 6),
(2109, '2015-12-05', 5, 11, NULL, NULL, 7),
(2110, '2015-12-05', 6, 12, NULL, NULL, 8),
(2111, '2015-12-05', 7, 9, NULL, NULL, 10),
(2112, '2015-12-05', 8, 10, NULL, NULL, 11),
(2113, '2015-12-12', 1, 16, NULL, NULL, 2),
(2114, '2015-12-12', 2, 15, NULL, NULL, 4),
(2115, '2015-12-12', 3, 14, NULL, NULL, 6),
(2116, '2015-12-12', 4, 13, NULL, NULL, 7),
(2117, '2015-12-12', 5, 12, NULL, NULL, 8),
(2118, '2015-12-12', 6, 11, NULL, NULL, 9),
(2119, '2015-12-12', 7, 10, NULL, NULL, 10),
(2120, '2015-12-12', 8, 9, NULL, NULL, 11),
-- Wiosna
(2121, '2016-02-27', 2, 1, NULL, NULL, 1),
(2122, '2016-02-27', 4, 3, NULL, NULL, 2),
(2123, '2016-02-27', 6, 5, NULL, NULL, 3),
(2124, '2016-02-27', 8, 7, NULL, NULL, 4),
(2125, '2016-02-27', 10, 9, NULL, NULL, 5),
(2126, '2016-02-27', 12, 11, NULL, NULL, 6),
(2127, '2016-02-27', 14, 13, NULL, NULL, 7),
(2128, '2016-02-27', 16, 15, NULL, NULL, 8),
(2129, '2016-03-05', 3, 1, NULL, NULL, 1),
(2130, '2016-03-05', 4, 2, NULL, NULL, 2),
(2131, '2016-03-05', 7, 5, NULL, NULL, 3),
(2132, '2016-03-05', 8, 6, NULL, NULL, 4),
(2133, '2016-03-05', 11, 9, NULL, NULL, 5),
(2134, '2016-03-05', 12, 10, NULL, NULL, 7),
(2135, '2016-03-05', 15, 13, NULL, NULL, 8),
(2136, '2016-03-05', 16, 14, NULL, NULL, 10),
(2137, '2016-03-12', 4, 1, NULL, NULL, 1),
(2138, '2016-03-12', 3, 2, NULL, NULL, 2),
(2139, '2016-03-12', 8, 5, NULL, NULL, 3),
(2140, '2016-03-12', 7, 6, NULL, NULL, 4),
(2141, '2016-03-12', 12, 9, NULL, NULL, 6),
(2142, '2016-03-12', 11, 10, NULL, NULL, 7),
(2143, '2016-03-12', 16, 13, NULL, NULL, 8),
(2144, '2016-03-12', 15, 14, NULL, NULL, 11),
(2145, '2016-03-19', 5, 1, NULL, NULL, 1),
(2146, '2016-03-19', 6, 2, NULL, NULL, 2),
(2147, '2016-03-19', 7, 3, NULL, NULL, 3),
(2148, '2016-03-19', 8, 4, NULL, NULL, 4),
(2149, '2016-03-19', 13, 9, NULL, NULL, 7),
(2150, '2016-03-19', 14, 10, NULL, NULL, 9),
(2151, '2016-03-19', 15, 11, NULL, NULL, 10),
(2152, '2016-03-19', 16, 12, NULL, NULL, 11),
(2153, '2016-03-26', 6, 1, NULL, NULL, 1),
(2154, '2016-03-26', 5, 2, NULL, NULL, 2),
(2155, '2016-03-26', 8, 3, NULL, NULL, 3),
(2156, '2016-03-26', 7, 4, NULL, NULL, 5),
(2157, '2016-03-26', 14, 9, NULL, NULL, 6),
(2158, '2016-03-26', 13, 10, NULL, NULL, 9),
(2159, '2016-03-26', 16, 11, NULL, NULL, 10),
(2160, '2016-03-26', 15, 12, NULL, NULL, 11),
(2161, '2016-04-02', 7, 1, NULL, NULL, 1),
(2162, '2016-04-02', 8, 2, NULL, NULL, 2),
(2163, '2016-04-02', 5, 3, NULL, NULL, 3),
(2164, '2016-04-02', 6, 4, NULL, NULL, 7),
(2165, '2016-04-02', 15, 9, NULL, NULL, 8),
(2166, '2016-04-02', 16, 10, NULL, NULL, 9),
(2167, '2016-04-02', 13, 11, NULL, NULL, 10),
(2168, '2016-04-02', 14, 12, NULL, NULL, 11),
(2169, '2016-04-09', 8, 1, NULL, NULL, 1),
(2170, '2016-04-09', 7, 2, NULL, NULL, 2),
(2171, '2016-04-09', 6, 3, NULL, NULL, 4),
(2172, '2016-04-09', 5, 4, NULL, NULL, 5),
(2173, '2016-04-09', 16, 9, NULL, NULL, 7),
(2174, '2016-04-09', 15, 10, NULL, NULL, 8),
(2175, '2016-04-09', 14, 11, NULL, NULL, 9),
(2176, '2016-04-09', 13, 12, NULL, NULL, 10),
(2177, '2016-04-16', 9, 1, NULL, NULL, 1),
(2178, '2016-04-16', 10, 2, NULL, NULL, 2),
(2179, '2016-04-16', 11, 3, NULL, NULL, 5),
(2180, '2016-04-16', 12, 4, NULL, NULL, 6),
(2181, '2016-04-16', 13, 5, NULL, NULL, 7),
(2182, '2016-04-16', 14, 6, NULL, NULL, 8),
(2183, '2016-04-16', 15, 7, NULL, NULL, 9),
(2184, '2016-04-16', 16, 8, NULL, NULL, 10),
(2185, '2016-04-23', 10, 1, NULL, NULL, 1),
(2186, '2016-04-23', 9, 2, NULL, NULL, 3),
(2187, '2016-04-23', 12, 3, NULL, NULL, 4),
(2188, '2016-04-23', 11, 4, NULL, NULL, 5),
(2189, '2016-04-23', 14, 5, NULL, NULL, 6),
(2190, '2016-04-23', 13, 6, NULL, NULL, 7),
(2191, '2016-04-23', 16, 7, NULL, NULL, 9),
(2192, '2016-04-23', 15, 8, NULL, NULL, 11),
(2193, '2016-04-30', 11, 1, NULL, NULL, 1),
(2194, '2016-04-30', 12, 2, NULL, NULL, 3),
(2195, '2016-04-30', 9, 3, NULL, NULL, 4),
(2196, '2016-04-30', 10, 4, NULL, NULL, 6),
(2197, '2016-04-30', 15, 5, NULL, NULL, 7),
(2198, '2016-04-30', 16, 6, NULL, NULL, 8),
(2199, '2016-04-30', 13, 7, NULL, NULL, 9),
(2200, '2016-04-30', 14, 8, NULL, NULL, 10),
(2201, '2016-05-07', 12, 1, NULL, NULL, 1),
(2202, '2016-05-07', 11, 2, NULL, NULL, 3),
(2203, '2016-05-07', 10, 3, NULL, NULL, 5),
(2204, '2016-05-07', 9, 4, NULL, NULL, 7),
(2205, '2016-05-07', 16, 5, NULL, NULL, 8),
(2206, '2016-05-07', 15, 6, NULL, NULL, 9),
(2207, '2016-05-07', 14, 7, NULL, NULL, 10),
(2208, '2016-05-07', 13, 8, NULL, NULL, 11),
(2209, '2016-05-14', 13, 1, NULL, NULL, 2),
(2210, '2016-05-14', 14, 2, NULL, NULL, 3),
(2211, '2016-05-14', 15, 3, NULL, NULL, 4),
(2212, '2016-05-14', 16, 4, NULL, NULL, 5),
(2213, '2016-05-14', 9, 5, NULL, NULL, 6),
(2214, '2016-05-14', 10, 6, NULL, NULL, 7),
(2215, '2016-05-14', 11, 7, NULL, NULL, 8),
(2216, '2016-05-14', 12, 8, NULL, NULL, 10),
(2217, '2016-05-21', 14, 1, NULL, NULL, 2),
(2218, '2016-05-21', 13, 2, NULL, NULL, 3),
(2219, '2016-05-21', 16, 3, NULL, NULL, 4),
(2220, '2016-05-21', 15, 4, NULL, NULL, 5),
(2221, '2016-05-21', 10, 5, NULL, NULL, 7),
(2222, '2016-05-21', 9, 6, NULL, NULL, 8),
(2223, '2016-05-21', 12, 7, NULL, NULL, 10),
(2224, '2016-05-21', 11, 8, NULL, NULL, 11),
(2225, '2016-05-28', 15, 1, NULL, NULL, 2),
(2226, '2016-05-28', 16, 2, NULL, NULL, 3),
(2227, '2016-05-28', 13, 3, NULL, NULL, 5),
(2228, '2016-05-28', 14, 4, NULL, NULL, 6),
(2229, '2016-05-28', 11, 5, NULL, NULL, 7),
(2230, '2016-05-28', 12, 6, NULL, NULL, 8),
(2231, '2016-05-28', 9, 7, NULL, NULL, 10),
(2232, '2016-05-28', 10, 8, NULL, NULL, 11),
(2233, '2016-06-04', 16, 1, NULL, NULL, 2),
(2234, '2016-06-04', 15, 2, NULL, NULL, 4),
(2235, '2016-06-04', 14, 3, NULL, NULL, 6),
(2236, '2016-06-04', 13, 4, NULL, NULL, 7),
(2237, '2016-06-04', 12, 5, NULL, NULL, 8),
(2238, '2016-06-04', 11, 6, NULL, NULL, 9),
(2239, '2016-06-04', 10, 7, NULL, NULL, 10),
(2240, '2016-06-04', 9, 8, NULL, NULL, 11);

INSERT INTO PolishCupMatches
VALUES
(1001, 1, '1/8'),
(1002, 7, '1/8'),
(1003, 3, '1/8'),
(1004, 6, '1/8'),
(1005, 5, '1/8'),
(1006, 13, '1/8'),
(1007, 7, '1/8'),
(1008, 2, '1/8');

INSERT INTO LeagueMatches
Select MatchID, FirstTeam, 
	CASE
		WHEN Year(Match_Date) < '2016'
			THEN ((DATEDIFF(day, '2015-09-05', Match_Date))/7)+1 
			ELSE ((DATEDIFF(day, '2016-02-27', Match_Date))/7)+16
		END MatchWeek ,
	CASE
		WHEN Year(Match_Date) < '2016'
			THEN 'J'
			ELSE 'W'
	END [Round] FROM Matches
WHERE MatchID > 2000;

INSERT INTO CoachTeam (CoachID, TeamID, Start_Work)
VALUES
(1,1,'2015-04-20'),
(2,2,'2013-04-26'),
(3,3,'2014-03-12'),
(4,4,'2014-04-07'),
(5,5,'2015-06-25'),
(6,6,'2015-09-01'),
(7,7,'2014-11-17'),
(8,8,'2013-12-19'),
(9,9,'2015-08-01'),
(10,10,'2015-04-05'),
(11,11,'2015-04-09'),
(12,12,'2014-10-07'),
(13,13,'2014-02-24'),
(14,14,'2014-08-01'),
(15,15,'2014-03-10'),
(16,16,'2014-05-12');