USE ProjectDB

INSERT INTO Stadiums
VALUES
(1, 'Stadion im. Józefa Piłsudskiego', 'Kraków', 'ul. Kałuży 1', 14941),
(2, 'Stadion Górnika Łęczna', 'Łęczna', 'al. Jana Pawła II 13', 7496),
(3, 'Stadion im. Ernesta Pola', 'Zabrze', 'ul. Roosevelta 21', 5500),
(4, 'Stadion Miejski', 'Białystok', 'ul. Słoneczna 1', 22386),
(5, 'Kolporter Arena', 'Kielce', 'ul. Ściegiennego 8', 15500),
(6, 'INEA Stadion', 'Poznań', 'ul. Bułgarska 17', 41609),
(7, 'PGE Arena', 'Gdańsk', 'ul. Pokoleń Lechii Gdańsk 1', 41620),
(8, 'Stadion Miejski im. Józefa Piłsudskiego', 'Warszawa', 'ul. Łazienkowska 3', 31103),
(9, 'Stadion Miejski', 'Gliwice', 'ul. Okrzei 20', 10037),
(10, 'Stadion Miejski', 'Bielsko-Biała', 'ul. Rychlińskiego 21', 6692),
(11, 'Stadion im. Floriana Krygiera', 'Szczecin', 'el. Karłowicza 28', 17048),
(12, 'Stadion Miejski', 'Chorzów', 'ul. Cicha 6', 10000),
(13, 'Stadion Miejski', 'Wrocław', 'ul. Śląska 1', 42771),
(14, 'Stadion Bruk-Bet', 'Nieciecza', 'Nieciecza 150', 5200),
(15, 'Stadion Miejski im. Henryka Reymana', 'Kraków', 'ul. Reymonta 20', 33130),
(16, 'Stadion Zagłębia Lubin', 'Lubin', 'ul. Marii Skłodowskiej-Curie 98', 16068);

INSERT INTO Teams
VALUES
(1, 'Cracovia Kraków', 1),
(2, 'Górnik Łęczna', 2),
(3, 'Górnik Zabrze', 3),
(4, 'Jagiellonia Białystok', 4),
(5, 'Korona Kielce', 5),
(6, 'Lech Poznan', 6),
(7, 'Lechia Gdańsk', 7),
(8, 'Legia Warszawa', 8),
(9, 'Piast Gliwice', 9),
(10, 'Podbeskidzie Bielsko-Biała', 10),
(11, 'Pogoń Szczecin', 11),
(12, 'Ruch Chorzów', 12),
(13, 'Śląsk Wrocław', 13),
(14, 'Termalica Bruk-Bet Nieciecza', 14),
(15, 'Wisła Kraków', 15),
(16, 'Zagłębie Lubin', 16);

INSERT INTO Coaches
VALUES
(1, 'Jacek', 'Zieliński'),
(2, 'Jurij', 'Szałatow'),
(3, 'Robert', 'Warzycha'),
(4, 'Michał', 'Probierz'),
(5, 'Marcin', 'Brosz'),
(6, 'Maciej', 'Skorża'),
(7, 'Jerzy', 'Brzęczek'),
(8, 'Henning', 'Berg'),
(9, 'Radosław', 'Latal'),
(10, 'Dariusz', 'Kubicki'),
(11, 'Czesław', 'Michniewicz'),
(12, 'Waldemar', 'Fornalik'),
(13, 'Tadeusz', 'Pawłowski'),
(14, 'Piotr', 'Mandrysz'),
(15, 'Kazimierz', 'Moskal'),
(16, 'Piotr', 'Stokowiec');

INSERT INTO Referees
VALUES
(1, 'Marcin', 'Borski'),
(2, 'Bartosz', 'Frankowski'),
(3, 'Paweł', 'Gil'),
(4, 'Krzysztof', 'Jakubik'),
(5, 'Tomasz', 'Kwiatkowski'),
(6, 'Szymon', 'Marciniak'),
(7, 'Tomasz', 'Musiał'),
(8, 'Jarosław', 'Przybył'),
(9, 'Paweł', 'Raczkowski'),
(10, 'Daniel', 'Stefański'),
(11, 'Mariusz', 'Złotek')

INSERT INTO Players
VALUES
(1001, 'Krzysztof', 'Pilarz', 'POL', 09-11-1980, 'GK', 1),
(1002, 'Grzegorz', 'Sandomierski', 'POL', 05-09-1989, 'GK', 1),
(1003, 'Paweł', 'Jaroszyński', 'POL', 02-10-1994, 'DEF', 1),
(1004, 'Piotr', 'Polczak', 'POL', 25-08-1986, 'DEF', 1),
(1005, 'Bartosz', 'Rymaniak', 'POL', 13-11-1989, 'DEF', 1),
(1006, 'Sreten', 'Sretenović', 'SRB', 12-01-1985, 'DEF', 1),
(1007, 'Ariel', 'Wawszczyk', 'POL', 19-11-1991, 'DEF', 1),
(1008, 'Mateusz', 'Argasiński', 'POL', 01-08-1995, 'MID', 1),
(1009, 'Marcin', 'Budziński', 'POL', 06-07-1990, 'MID', 1),
(1010, 'Mateusz', 'Cetnarski', 'POL', 06-07-1988, 'MID', 1),
(1011, 'Damian', 'Dąbrowski', 'POL', 27-08-1992, 'MID', 1),
(1012, 'Bartosz', 'Kapustka', 'POL', 23-12-1996, 'MID', 1),
(1013, 'Deniss', 'Rakels', 'POL', 20-08-1986, 'FOR', 1),
(1014, 'Krzysztof', 'Szewczyk', 'POL', 06-03-1996, 'FOR', 1),
(1015, 'Dariusz', 'Zjawiński', 'POL', 19-08-1986, 'FOR', 1),
-- Górnik Łęczna
(1016, 'Sergiusz', 'Prusak', 'POL', 01-05-1979, 'GK', 2),
(1017, 'Silvio', 'Rodić', 'CRO', 25-07-1987, 'GK', 2),
(1018, 'Marcin', 'Kalkowski', 'POL', 06-11-1989, 'DEF', 2),
(1019, 'Sebastian', 'Kopeć', 'POL', 14-02-1994, 'DEF', 2),
(1020, 'Leandro', 'Messiah dos Santos', 'BRA', 29-12-1983, 'DEF', 2),
(1021, 'Łukasz', 'Mierzejewski', 'POL', 31-08-1982, 'DEF', 2),
(1022, 'Paweł', 'Sasin', 'POL', 02-10-1983, 'DEF', 2),
(1023, 'Grzegorz', 'Bonin', 'POL', 02-12-1983, 'MID', 2),
(1024, 'Wojciech', 'Kalinowski', 'POL', 09-09-1993, 'MID', 2),
(1025, 'Veljko', 'Nikitović', 'SRB', 03-10-1980, 'MID', 2),
(1026, 'Tomasz', 'Nowak', 'POL', 30-10-1985, 'MID', 2),
(1027, 'Grzegorz', 'Piesio', 'POL', 17-07-1988, 'MID' , 2),
(1028, 'Fedor', 'Cernych', 'LTU', 21-05-1991, 'FOR', 2),
(1029, 'Bartosz', 'Śpiączka', 'POL', 19-08-1991, 'FOR', 2),
(1030, 'Jakub', 'Świerczok', 'POL', 28-12-1992, 'FOR', 2),
-- Górnik Zabrze
(1031, 'Grzegorz', 'Kasprzyk', 'POL', 20-09-1983, 'GK', 3),
(1032, 'Sebastian', 'Przyrowski', 'POL', 30-11-1981, 'GK', 3),
(1033, 'Adam', 'Danch', 'POL', 15-12-1987, 'DEF', 3),
(1034, 'Rafał', 'Kosznik', 'POL', 17-12-1983, 'DEF', 3),
(1035, 'Bartosz', 'Kopacz', 'POL', 21-05-1992, 'DEF', 3),
(1036, 'Mariusz', 'Magiera', 'POL', 25-08-1984, 'DEF', 3),
(1037, 'Maciej', 'Mańka', 'POL', 30-06-1989, 'DEF', 3),
(1038, 'Armin', 'Ćerimagić', 'BIH', 14-01-1994, 'MID', 3),
(1039, 'Roman', 'Gergel', 'SVK', 22-02-1988, 'MID', 3),
(1040, 'Erik', 'Grendel', 'SVK', 13-10-1988, 'MID', 3),
(1041, 'Rafał', 'Kurzawa', 'POL', 29-01-1993, 'MID', 3),
(1042, 'Radosław', 'Sobolewski', 'POL', 13-12-1976, 'MID', 3),
(1043, 'Jarosław', 'Potoniec', 'POL', 29-04-1996, 'FOR', 3),
(1044, 'Szymon', 'Skrzypczak', 'POL', 14-03-1990, 'FOR', 3),
(1045, 'Marcin', 'Urynowicz', 'POL', 16-03-1996, 'FOR', 3),
-- Jagiellonia Białystok
(1046, 'Krzysztof', 'Baran', 'POL', 12-02-1990, 'GK', 4),
(1047, 'Bartłomiej', 'Drągowski', 'POL', 19-08-1997, 'GK', 4),
(1048, 'Rafał', 'Augustyniak', 'POL', 14-10-1993, 'DEF', 4),
(1049, 'Martin', 'Baran', 'SVK', 03-01-1988, 'DEF', 4),
(1050, 'Emil', 'Łupiński', 'POL', 13-01-1996, 'DEF', 4),
(1051, 'Sebastian', 'Madera', 'POL', 30-05-1985, 'DEF', 4),
(1052, 'Igors', 'Tarasovs', 'LVA', 16-10-1988, 'DEF', 4),
(1053, 'Michał', 'Domański', 'POL', 21-03-1998, 'MID', 4),
(1054, 'Nika', 'Dzalamidze', 'GEO', 06-01-1992, 'MID', 4),
(1055, 'Przemysław', 'Frankowski', 'POL', 12-04-1995, 'MID', 4),
(1056, 'Maciej', 'Gajos', 'POL', 19-03-1991, 'MID', 4),
(1057, 'Konstantin', 'Vassiljev', 'EST', 16-08-1984, 'MID', 4),
(1058, 'Emil', 'Gajko', 'POL', 10-05-1996, 'FOR', 4),
(1059, 'Łukasz', 'Sekulski', 'POL', 03-11-1990, 'FOR', 4),
(1060, 'Karol', 'Świderski', 'POL', 21-01-1997, 'FOR', 4),
-- Korona Kielce
(1061, 'Zbigniew', 'Małkowski', 'POL', 19-01-1978, 'GK', 5),
(1062, 'Dariusz', 'Trela', 'POL', 05-12-1989, 'GK', 5),
(1063, 'Radek', 'Dejmek', 'CZE', 02-02-1988, 'DEF', 5),
(1064, 'Vladislavs', 'Gabovs', 'LVA', 13-07-1987, 'DEF', 5),
(1065, 'Krzysztof', 'Kiercz', 'POL', 16-02-1989, 'DEF', 5),
(1066, 'Piotr', 'Malarczyk', 'POL', 01-08-1991, 'DEF', 5),
(1067, 'Kamil', 'Sylwestrzak', 'POL', 16-06-1988, 'DEF', 5),
(1068, 'Nabil', 'Aankour', 'MAR', 09-08-1993, 'MID', 5),
(1069, 'Marcin', 'Cebula', 'POL', 06-12-1995, 'MID', 5),
(1070, 'Vlastimir', 'Jovanovic', 'BIH', 03-04-1985, 'MID', 5),
(1071, 'Vanja', 'Markovic', 'SRB', 20-06-1994, 'MID', 5),
(1072, 'Paweł', 'Sobolewski', 'POL', 20-06-1979, 'MID', 5),
(1073, 'Michał', 'Przybyła', 'POL', 01-07-1994, 'FOR', 5),
(1074, 'Przemysław', 'Trytko', 'POL', 26-08-1987, 'FOR', 5),
(1075, 'Tomasz', 'Zając', 'POL', 14-07-1995, 'FOR', 5),
-- Lech Poznań
(1076, 'Jasmin', 'Burić', 'BIH', 18-02-1987, 'GK', 6),
(1077, 'Krzysztof', 'Kotorowski', 'POL', 12-09-1976, 'GK', 6),
(1078, 'Paulus', 'Aranjuuri', 'FIN', 15-06-1988, 'DEF', 6),
(1079, 'Jan', 'Bednarek', 'POL', 12-04-1996, 'DEF', 6),
(1080, 'Barry', 'Douglas', 'SCO', 04-09-1989, 'DEF', 6),
(1081, 'Tamas', 'Kadar', 'HUN', 14-03-1990, 'DEF', 6),
(1082, 'Marcin', 'Kamiński', 'POL', 15-01-1992, 'DEF', 6),
(1083, 'Dariusz', 'Dudka', 'POL', 09-12-1983, 'MID', 6),
(1084, 'Kasper', 'Hamalainen', 'FIN', 08-08-1976, 'MID', 6),
(1085, 'Karol', 'Linetty', 'POL', 02-02-1995, 'MID', 6),
(1086, 'Gergo', 'Lovrencsics', 'HUN', 01-09-1988, 'MID', 6),
(1087, 'Szymon', 'Pawłowski', 'POL', 04-11-1986, 'MID', 6),
(1088, 'Dawid', 'Kownacki', 'POL', 14-03-1997, 'FOR', 6),
(1089, 'Marcin', 'Robak', 'POL', 29-11-1982, 'FOR', 6),
(1090, 'Denis', 'Thomalla', 'GER', 16-08-1992, 'FOR', 6),
-- Lechia Gdańsk
(1091, 'Mateusz', 'Bąk', 'POL', 24-02-1983, 'GK', 7),
(1092, 'Marko', 'Marić', 'CRO', 03-01-1996, 'GK', 7),
(1093, 'Damian', 'Garbacik', 'POL', 30-01-1996, 'DEF', 7),
(1094, 'Rafał', 'Janicki', 'POL', 05-07-1992, 'DEF', 7),
(1095, 'Nikola', 'Lekovic', 'CRO', 19-12-1989, 'DEF', 7),
(1096, 'Jakub', 'Wawrzyniak', 'POL', 07-07-1983, 'DEF', 7),
(1097, 'Grzegorz', 'Wojtkowiak', 'POL', 26-01-1984, 'DEF', 7),
(1098, 'Ariel', 'Borysiuk', 'POL', 29-07-1991, 'MID', 7),
(1099, 'Bruno', 'dos Santos Nazario', 'BRA', 09-02-1995, 'MID', 7),
(1100, 'Daniel', 'Łukasik', 'POL', 28-04-1991, 'MID', 7),
(1101, 'Sebastial', 'Mila', 'POL', 10-07-1982, 'MID', 7),
(1102, 'Bartłomiej', 'Pawłowski', 'POL', 13-11-1992, 'MID', 7),
(1103, 'Adam', 'Buksa', 'POL', 12-07-1996, 'FOR', 7),
(1104, 'Antonio', 'Colak', 'CRO', 17-09-1993, 'FOR', 7),
(1105, 'Lukas', 'Haraslin', 'SVK', 26-05-1996, 'FOR', 7),
-- Legia Warszawa
(1106, 'Dusan', 'Kuciak', 'SVK', 21-05-1985, 'GK', 8),
(1107, 'Arkadiusz', 'Malarz', 'POL', 19-6-1980, 'GK', 8),
(1108, 'Bartosz', 'Bereszyński', 'POL', 12-07-1992, 'DEF', 8),
(1109, 'Łukasz', 'Broź', 'POL', 17-12-1985, 'DEF', 8),
(1110, 'Tomasz', 'Brzyski', 'POL', 10-01-1982, 'DEF', 8),
(1111, 'Michał', 'Pazdan', 'POL', 21-09-1987, 'DEF', 8),
(1112, 'Jakub', 'Rzeźniczak', 'POL', 26-10-1986, 'DEF', 8),
(1113, 'Ondrej', 'Duda', 'SVK', 5-12-1994, 'MID', 8),
(1114, 'Guilherme', 'Costa Marquez', 'BRA', 21-06-1991, 'MID', 8),
(1115, 'Tomasz', 'Jodłowiec', 'POL', 08-09-1985, 'MID', 8),
(1116, 'Michał', 'Kucharczyk', 'POL', 20-03-1991, 'MID', 8),
(1117, 'Ivica', 'Vrdoljak', 'CRO', 19-09-1983, 'MID', 8),
(1118, 'Nemanja', 'Nikolic', 'HUN', 31-12-1987, 'FOR', 8),
(1119, 'Arkadiusz', 'Piech', 'POL', 07-06-1985, 'FOR', 8),
(1120, 'Aleksandar', 'Prijovic', 'SUI', 21-04-1990, 'FOR', 8),
-- Piast Gliwice
(1121, 'Rafał', 'Leszczyński', 'POL', 22-04-1992, 'GK', 9),
(1122, 'Jakub', 'Szmatuła', 'POL', 22-03-1981, 'GK', 9),
(1123, 'Hebert', 'Silva Santos', 'BRA', 23-05-1991, 'DEF', 9),
(1124, 'Adrian', 'Klepczyński', 'POL', 01-04-1981, 'DEF', 9),
(1125, 'Tomasz', 'Mokwa', 'POL', 10-02-1993, 'DEF', 9),
(1126, 'Paweł', 'Moskwik', 'POL', 08-06-1992, 'DEF', 9),
(1127, 'Patrik', 'Mraz', 'SVK', 01-02-1987, 'DEF', 9),
(1128, 'Gerard', 'Badia', 'ESP', 18-10-1989, 'MID', 9),
(1129, 'Patryk', 'Dziczek', 'POL', 25-03-1998, 'MID', 9),
(1130, 'Radosław', 'Murawski', 'POL', 22-04-1994, 'MID', 9),
(1131, 'Bartosz', 'Szeliga', 'POL', 10-01-1993, 'MID', 9),
(1132, 'Kamil', 'Vacek', 'CZE', 18-05-1987, 'MID', 9),
(1133, 'Karol', 'Angielski', 'POL', 20-03-1996, 'FOR', 9),
(1134, 'Josip', 'Barisić', 'CRO', 14-11-1986, 'FOR', 9),
(1135, 'Sebastian', 'Musiolik', 'POL', 19-05-1996, 'FOR', 9),
-- Podbeskidzie Bielsko-Biała
(1136, 'Wojciech', 'Kaczmarek', 'POL', 29-03-1983, 'GK', 10),
(1137, 'Sebastian', 'Madejski', 'POL', 02-10-1997, 'GK', 10),
(1138, 'Frank', 'Adu Kwame', 'GHA', 16-05-1985, 'DEF', 10),
(1139, 'Gracjan', 'Horoszkiewicz', 'POL', 18-03-1995, 'DEF', 10),
(1140, 'Kristian', 'Kolcak', 'SVK', 30-01-1990, 'DEF', 10),
(1141, 'Bartłomiej', 'Konieczny', 'POL', 09-06-1981, 'DEF', 10),
(1142, 'Adam', 'Pazio', 'POL', 27-09-1992, 'DEF', 10),
(1143, 'Damian', 'Chmiel', 'POL', 06-05-1987, 'MID', 10),
(1144, 'Adam', 'Deja', 'POL', 24-06-1993, 'MID', 10),
(1145, 'Kohei', 'Kato', 'JPN', 14-06-1989, 'MID', 10),
(1146, 'Mateusz', 'Możdżeń', 'POL', 14-03-1991, 'MID', 10),
(1147, 'Marek', 'Sokołowski', 'POL', 11-03-1978, 'MID', 10),
(1148, 'Robert', 'Demjan', 'SVK', 26-10-1982, 'FOR', 10),
(1149, 'Kamil', 'Jonkisz', 'POL', 29-08-1995, 'FOR', 10),
(1150, 'Maciej', 'Korzym' , 'POL', 02-05-1988, 'FOR', 10),
-- Pogoń Szczecin
(1151, 'Dawid', 'Kudła', 'POL', 21-03-1992, 'GK', 11),
(1152, 'Jakub', 'Słowik', 'POL', 31-08-1981, 'GK', 11),
(1153, 'Jakub', 'Czerwiński', 'POL', 06-08-1991, 'DEF', 11),
(1154, 'Jarosław', 'Fojut', 'POL', 17-10-1987, 'DEF', 11),
(1155, 'Mateusz', 'Lewandowski', 'POL', 18-03-1993, 'DEF', 11),
(1156, 'Sebastian', 'Murawski', 'POL', 01-03-1994, 'DEF', 11),
(1157, 'Ricardo', 'Nunes', 'RSA', 18-06-1986, 'DEF', 11),
(1158, 'Takafumi', 'Akahoshi', 'JPN', 27-05-1986, 'MID', 11),
(1159, 'Patryk', 'Małecki', 'POL', 01-08-1988, 'MID', 11),
(1160, 'Rafał', 'Murawski', 'POL', 09-10-1981, 'MID', 11),
(1161, 'Takuya', 'Murayama', 'JPN', 08-08-1989, 'MID', 11),
(1162, 'Mateusz', 'Matras', 'POL', 23-01-1991, 'MID', 11),
(1163, 'Marcin', 'Listkowski', 'POL', 10-02-1998, 'FOR', 11),
(1164, 'Łukasz', 'Zwoliński', 'POL', 24-02-1993, 'FOR', 11),
(1165, 'Adam', 'Frączczak', 'POL', 07-08-1987, 'FOR', 11),
-- Ruch Chorzów
(1166, 'Kamil', 'Lech', 'POL', 15-09-1994, 'GK', 12),
(1167, 'Matus', 'Putnocky', 'SVK', 01-11-1984, 'GK', 12),
(1168, 'Mateusz', 'Cichocki', 'POL', 31-01-1992, 'DEF', 12),
(1169, 'Rafał', 'Grodzicki', 'POL', 28-10-1983, 'DEF', 12),
(1170, 'Michał', 'Helik', 'POL', 09-09-1995, 'DEF', 12),
(1171, 'Paweł', 'Oleksy', 'POL', 01-04-1991, 'DEF', 12),
(1172, 'Marek', 'Szyndrowski', 'POL', 30-10-1980, 'DEF', 12),
(1173, 'Miłosz', 'Trojak', 'POL', 05-05-1994, 'MID', 12),
(1174, 'Maciej', 'Iwański', 'POL', 07-05-1981, 'MID', 12),
(1175, 'Artur', 'Lenartowski', 'POL', 17-03-1988, 'MID', 12),
(1176, 'Patryk', 'Lipski', 'POL', 12-06-1994, 'MID', 12),
(1177, 'Łukasz', 'Surma', 'POL', 28-06-1977, 'MID', 12),
(1178, 'Michał', 'Efir', 'POL', 14-04-1992, 'FOR', 12),
(1179, 'Mateusz', 'Kwiatkowski', 'POL', 23-11-1992, 'FOR', 12),
(1180, 'Eduards', 'Visnakovs', 'LVA', 10-05-1990, 'FOR', 12),
-- Śląsk Wrocław
(1181, 'Mateusz', 'Abramowicz', 'POL', 08-11-1992, 'GK', 13),
(1182, 'Mariusz', 'Pawełek', 'POL', 17-03-1981, 'GK', 13),
(1183, 'Piotr', 'Celeban', 'POL', 25-06-1985, 'DEF', 13),
(1184, 'Dudu', 'Paraiba', 'BRA', 11-03-1985, 'DEF', 13),
(1185, 'Adam', 'Kokoszka', 'POL', 06-10-1986, 'DEF', 13),
(1186, 'Krzysztof', 'Ostrowski', 'POL', 03-05-1982, 'DEF', 13),
(1187, 'Mariusz', 'Pawelec', 'POL', 14-04-1986, 'DEF', 13),
(1188, 'Marcel', 'Gekov', 'CZE', 01-01-1988, 'MID', 13),
(1189, 'Tom', 'Hateley', 'ENG', 12-09-1989, 'MID', 13),
(1190, 'Peter', 'Grajciar', 'POL', 17-09-1983, 'MID', 13),
(1191, 'Tomasz', 'Hołota', 'POL', 27-01-1991, 'MID', 13),
(1192, 'Robert', 'Pich', 'POL', 12-11-1988, 'MID', 13),
(1193, 'Jacek', 'Kiełb', 'POL', 10-01-1988, 'FOR', 13),
(1194, 'Flavio', 'Paixao', 'POR', 19-09-1984, 'FOR', 13),
(1195, 'Mariusz', 'Idzik', 'POL', 01-04-1997, 'FOR', 13),
-- Termalica Bruk-Bet Nieciecza
(1196, 'Sebastian', 'Nowak', 'POL', 13-01-1982, 'GK', 14),
(1197, 'Adrian', 'Olszewski', 'POL', 28-06-1993, 'GK', 14),
(1198, 'Dawid', 'Abramowicz', 'POL', 16-05-1995, 'DEF', 14),
(1199, 'Adrian', 'Chomik', 'POL', 22-06-1988, 'DEF', 14),
(1200, 'Patryk', 'Fryc', 'POL', 24-02-1993, 'DEF', 14),
(1201, 'Dariusz', 'Jarecki', 'POL', 23-03-1981, 'DEF', 14),
(1202, 'Sebastian', 'Ziajka', 'POL', 15-12-1982, 'DEF', 14),
(1203, 'Bartłomiej', 'Babiarz', 'POL', 03-02-1989, 'MID', 14),
(1204, 'Jakub', 'Biskup', 'POL', 08-05-1983, 'MID', 14),
(1205, 'Tomasz', 'Foszmańczyk', 'POL', 07-02-1986, 'MID', 14),
(1206, 'Dalibor', 'Pleva', 'SVK', 02-04-1984, 'MID', 14),
(1207, 'Dawid', 'Plizga', 'POL', 17-11-1985, 'MID', 14),
(1208, 'Emil', 'Drozdowicz', 'POL', 05-07-1986, 'FOR', 14),
(1209, 'Wołodymyr', 'Kowal', 'UKR', 06-03-1992, 'FOR', 14),
(1210, 'Adrian', 'Paluchowski', 'POL', 19-08-1987, 'FOR', 14),
-- Wisła Kraków
(1211, 'Michał', 'Buchalik', 'POL', 03-02-1989, 'GK', 15),
(1212, 'Radosław', 'Cierzniak', 'POL', 24-04-1983, 'GK', 15),
(1213, 'Łukasz', 'Burliga', 'POL', 10-05-1988, 'DEF', 15),
(1214, 'Arkadiusz', 'Głowacki', 'POL', 13-03-1979, 'DEF', 15),
(1215, 'Richard', 'Guzmics', 'HUN', 16-04-1987, 'DEF', 15),
(1216, 'Maciej', 'Sadlok', 'POL', 29-06-1989, 'DEF', 15),
(1217, 'Piotr', 'Żemło', 'POL', 10-07-1995, 'DEF', 15),
(1218, 'Rafał', 'Boguski', 'POL', 09-06-1984, 'MID', 15),
(1219, 'Wilde-Donald', 'Guerrier', 'HAI', 31-03-1989, 'MID', 15),
(1220, 'Maciej', 'Jankowski', 'POL', '04-01-1990', 'MID', 15),
(1221, 'Krzysztof', 'Mączyński', 'POL', 23-05-1987, 'MID', 15),
(1222, 'Emmanuel', 'Sarki', 'HAI', 26-12-1987, 'MID', 15),
(1223, 'Rafael', 'Crivellaro', 'ITA', 12-02-1989, 'FOR', 15),
(1224, 'Tomasz', 'Cywka', 'POL', 27-06-1988, 'FOR', 15),
(1225, 'Paweł', 'Brożek', 'POL', 21-04-1983, 'FOR', 15),
-- Zagłębie Lubin
(1226, 'Konrad', 'Forenc', 'POL', 17-07-1992, 'GK', 16),
(1227, 'Martin', 'Polacek', 'SVK', 02-04-1990, 'GK', 16),
(1228, 'Djordje', 'Cotra', 'SRB', 13-09-1984, 'DEF', 16),
(1229, 'Maciej', 'Dąbrowski', 'POL', 20-04-1987, 'DEF', 16),
(1230, 'Lubomir', 'Guldan', 'SVK', 30-01-1983, 'DEF', 16),
(1231, 'Jarosław', 'Jach', 'POL', 17-02-1994, 'DEF', 16),
(1232, 'Aleksandar', 'Todorovski', 'MDA', 26-02-1984, 'DEF', 16),
(1233, 'Adrian', 'Błąd', 'POL', 16-04-1991, 'MID', 16),
(1234, 'Filip', 'Jagiełło', 'POL', 08-08-1997, 'MID', 16),
(1235, 'Łukasz', 'Janoszka', 'POL', 18-03-1987, 'MID', 16),
(1236, 'Łukasz', 'Piątek', 'POL', 21-09-1985, 'MID', 16),
(1237, 'Jan', 'Vlasko', 'SVK', 11-01-1990, 'MID', 16),
(1238, 'Konrad', 'Andrzejczak', 'POL', 08-06-1996, 'FOR', 16),
(1239, 'Michal', 'Papadopulos', 'CZE', 14-04-1985, 'FOR', 16),
(1240, 'Krzysztof', 'Piątek', 'POL', 01-07-1995, 'FOR', 16)


INSERT INTO Sponsors
VALUES
(1, 'Nike', 'odzież'),
(2, 'Adidas', 'odzież'),
(3, 'Puma', 'odzież'),
(4, 'Joma', 'odzież'),
(5, 'Under Armour', 'odzież'),
(6, 'Reebok', 'odzież'),
(7, 'New Balance', 'odzież'),
(8, 'ASICS', 'odzież'),
(9, 'STS', 'zakłady bukmacherskie'),
(10, 'Fortuna', 'zakłady bukmacherskie'),
(11, 'eWinner', 'zakłady bukmacherskie'),
(12, 'LV BET', 'zakłady bukmacherskie'),
(13, 'Forbet', 'zakłady bukmacherskie'),
(14, 'Totalbet', 'zakłady bukmacherskie'),
(15, 'Betclic', 'zakłady bukmacherskie'),
(16, 'Superbet', 'zakłady bukmacherskie'),
(17, 'T-Mobile', 'operator komórkowy')


INSERT INTO SponsorsTeams
VALUES 
(1, 1, '2010-01-01', '2016-12-31'),
(2, 2, '2008-01-01', '2016-12-31'),
(3, 3, '2012-01-01', '2017-06-30'),
(4, 4, '2009-01-01', '2018-12-31'),
(5, 5, '2015-01-01', '2018-12-31'),
(6, 6, '2010-01-01', '2016-12-31'),
(7, 7, '2014-01-01', '2017-12-31'),
(8, 8, '2016-01-01', '2019-12-31'),
(1, 9, '2010-01-01', '2016-12-31'),
(2, 10, '2008-01-01', '2017-12-31'),
(3, 11, '2012-01-01', '2018-12-31'),
(4, 12, '2009-01-01', '2019-12-31'),
(5, 13, '2015-01-01', NULL),
(6, 14, '2010-01-01', '2016-12-31'),
(7, 15, '2014-01-01', NULL),
(8, 16, '2016-01-01', NULL),
(9, 1, '2017-01-01', '2021-12-31'),
(10, 2, '2018-01-01', '2022-12-31'),
(11, 3, '2013-01-01', '2023-12-31'),
(12, 4, '2010-01-01', '2014-12-31'),
(13, 5, '2011-01-01', '2015-12-31'),
(14, 6, '2015-01-01', '2018-12-31'),
(15, 7, '2008-01-01', '2014-12-31'),
(16, 8, '2016-01-01', '2019-12-31'),
(9, 9, '2017-01-01', '2021-12-31'),
(10, 10, '2018-01-01', '2022-12-31'),
(11, 11, '2013-01-01', '2023-12-31'),
(12, 12, '2010-01-01', '2018-12-31'),
(13, 13, '2011-01-01', '2019-12-31'),
(14, 14, '2015-01-01', '2018-12-31'),
(15, 15, '2008-01-01', '2020-12-31'),
(16, 16, '2016-01-01', '2019-12-31');

INSERT INTO SponsorsPlayers
VALUES 
(1, 1001, '2010-02-15', '2013-07-31'),
(2, 1001, '2014-01-10', '2014-12-31'),
(3, 1010, '2009-11-20', '2011-09-30'),
(4, 1010, '2012-04-05', '2014-05-31'),
(5, 1020, '2011-03-08', '2012-12-31'),
(6, 1020, '2013-08-12', '2014-10-15'),
(7, 1030, '2008-12-01', '2010-06-30'),
(8, 1030, '2011-11-15', '2013-04-30'),
(1, 1040, '2010-06-25', '2012-03-31'),
(2, 1040, '2014-02-01', '2014-09-30'),
(5, 1123, '2010-01-01', '2011-12-31'),
(8, 1123, '2012-04-15', '2014-06-30'),
(3, 1051, '2010-08-01', '2011-11-30'),
(4, 1051, '2012-02-10', '2014-05-31'),
(5, 1059, '2010-10-01', '2012-04-15'),
(6, 1059, '2012-07-01', '2014-12-31'),
(7, 1034, '2011-02-15', '2012-05-31'),
(8, 1034, '2013-09-01', '2014-12-31'),
(1, 1031, '2012-01-15', '2013-08-31'),
(2, 1031, '2014-03-10', '2014-11-30'),
(3, 1031, '2015-01-01', '2018-09-30'),
(4, 1032, '2010-06-08', '2012-12-31'),
(5, 1032, '2013-01-01', '2014-01-31'),
(6, 1032, '2015-01-01', '2024-10-15'),
(7, 1033, '2010-07-01', '2012-04-30'),
(8, 1033, '2012-11-20', '2013-07-31'),
(1, 1033, '2014-10-01', '2025-06-30')


INSERT INTO OutOfGame (PlayerID, Pause_Start, Pause_End, Reason)
VALUES
(1001, '2012-05-15', '2012-05-20', 'Cards'),
(1010, '2012-03-10', '2012-03-20', 'Injury'),
(1020, '2014-09-01', '2014-09-10', 'Cards'),
(1030, '2010-12-15', '2010-12-25', 'Injury'),
(1040, '2013-04-01', '2013-04-10', 'Cards'),
(1050, '2011-09-10', '2011-09-20', 'Injury'),
(1060, '2014-02-15', '2014-02-25', 'Cards'),
(1070, '2013-01-01', '2013-01-10', 'Injury'),
(1080, '2012-06-10', '2012-06-20', 'Cards'),
(1090, '2014-11-05', '2014-11-15', 'Injury'),
(1100, '2011-04-20', '2011-04-30', 'Cards'),
(1110, '2012-10-01', '2012-10-10', 'Injury'),
(1120, '2013-05-15', '2013-05-25', 'Cards'),
(1140, '2014-03-01', '2014-03-10', 'Cards'),
(1150, '2011-12-10', '2011-12-20', 'Injury'),
(1170, '2012-02-15', '2012-02-25', 'Injury'),
(1190, '2011-05-01', '2011-05-10', 'Injury'),
(1200, '2013-10-15', '2013-10-25', 'Cards'),
(1210, '2010-11-20', '2010-11-30', 'Injury'),
(1220, '2014-06-05', '2014-06-15', 'Cards'),
(1230, '2012-01-10', '2012-01-20', 'Injury'),
(1240, '2013-06-15', '2013-06-25', 'Cards'),
(1205, '2014-12-20', '2015-01-02', 'Injury'),
(1035, '2011-03-01', '2011-03-10', 'Cards'),
(1125, '2014-04-01', '2014-04-10', 'Injury'),
(1014, '2012-05-15', '2012-05-20', 'Cards'),
(1014, '2013-01-01', '2013-04-10', 'Injury'),
(1014, '2014-06-15', '2014-06-25', 'Cards'),
(1014, '2015-01-01', '2015-05-20', 'Injury'),
(1023, '2012-03-10', '2012-05-20', 'Injury'),
(1023, '2013-09-01', '2013-09-05', 'Cards'),
(1023, '2014-01-20', '2014-06-30', 'Injury'),
(1023, '2014-12-02', '2014-12-15', 'Cards')

INSERT INTO SeasonWinners
VALUES
("2012/1013", 17, 8, 12, 1148),
("2013/2014", 17, 8, 16, 1089),
("2014/2015", 17, 6, 2, 1194)

INSERT INTO Matches
VALUES
(1001, "01-09-2015", 1, 4, 2),
(1002, "01-09-2015", 7, 15, 1),
(1003, "01-09-2015", 3, 8, 7), 
(1004, "01-09-2015", 6, 12, 8),
(1005, "02-09-2015", 5, 9, 3),
(1006, "02-09-2015", 13, 16, 5),
(1007, "02-09-2015", 7, 10, 4),
(1008, "02-09-2015", 2, 11, 6)

INSERT INTO PolishCupMatches
VALUES
(1001, 1, "1/8"),
(1002, 7, "1/8"),
(1003, 3, "1/8"),
(1004, 6, "1/8"),
(1005, 5, "1/8"),
(1006, 13, "1/8"),
(1007, 7, "1/8"),
(1008, 2, "1/8")